{
  "candidate": "AegisPilot",
  "gen": 15,
  "score": 0.7772727272727272,
  "datetime_utc": "20250818T093151Z",
  "genome": {
    "partner_repel_w": 0.9564337590939823,
    "pair_repel_w": 0.5033783234550088,
    "red_attr_w": 0.9247074641455225,
    "green_attr_w": 0.681926270036142,
    "wall_power": 7.482513806646207,
    "wall_scale": 0.07275730900052108,
    "sample_ahead": 0.02531097177135052,
    "fd_step": 0.014981263696420262
  },
  "class": "AegisPilot",
  "name": "AegisPilot@gen15_afb0c584"
}