{
  "candidate": "ConeKeeper",
  "gen": 3,
  "score": 0.465625,
  "datetime_utc": "20250818T192305Z",
  "genome": {
    "samples_heading": 12,
    "engage_radius": 0.1453725288744338,
    "vo_time_horizon": 0.9704122944693252,
    "vo_weight": 1.141382708132529,
    "safety_radius": 0.12007999598285113,
    "wall_weight": 0.8000784885162076,
    "horizon": 0.5235114435688039,
    "dt": 0.09298240156742929,
    "v_max": 1.0293045294824101,
    "w_max": 2.9618275986705274
  },
  "class": "ConeKeeper",
  "name": "ConeKeeper@gen3_d1e62bba"
}